{"cameraMode":{"drawMode":0,"name":"Shaded","section":"Shading Mode"},"sceneLighting":false,"audioPlay":false,"sceneViewState":{"m_AlwaysRefresh":true,"showFog":true,"showSkybox":false,"showFlares":true,"showImageEffects":true,"showParticleSystems":true,"showVisualEffectGraphs":true,"m_FxEnabled":true},"in2DMode":false,"pivot":{"x":-0.5100002288818359,"y":2.490000009536743,"z":-1.5699998140335084},"rotation":{"x":-0.41201651096343996,"y":0.05519019439816475,"z":-0.030528254806995393,"w":-0.9099577069282532},"size":7.871467590332031,"orthographic":false}