{"cameraMode":{"drawMode":0,"name":"Shaded","section":"Shading Mode"},"sceneLighting":false,"audioPlay":false,"sceneViewState":{"m_AlwaysRefresh":true,"showFog":true,"showSkybox":false,"showFlares":true,"showImageEffects":true,"showParticleSystems":true,"showVisualEffectGraphs":true,"m_FxEnabled":true},"in2DMode":false,"pivot":{"x":3.5750904083251955,"y":1.4455952644348145,"z":2.3293449878692629},"rotation":{"x":-0.000038938847865210846,"y":-0.8404622077941895,"z":0.5435101985931397,"w":0.010608060285449028},"size":0.3897113800048828,"orthographic":false}