{"cameraMode":{"drawMode":0,"name":"Shaded","section":"Shading Mode"},"sceneLighting":true,"audioPlay":false,"sceneViewState":{"m_AlwaysRefresh":true,"showFog":true,"showSkybox":true,"showFlares":true,"showImageEffects":true,"showParticleSystems":true,"showVisualEffectGraphs":true,"m_FxEnabled":true},"in2DMode":false,"pivot":{"x":1.1561013460159302,"y":-12.95470905303955,"z":11.316378593444825},"rotation":{"x":-0.4039977788925171,"y":0.04981690272688866,"z":-0.027907250449061395,"w":-0.9140212535858154},"size":11.342475891113282,"orthographic":false}